,영화명,영화명(영문),제작연도,제작국가,장르,역할,공식통계 매출액,공식통계 관객수,KOBIS통계 매출액,KOBIS통계 관객수
0,사내 성욕 처리반,Affair party 4,2015,일본,성인물(에로),주연,8000.0,1.0,8000,1
1,발정난 여형사의 위험한 수사,Angel in White,2013,일본,멜로/로맨스,주연,150000.0,30.0,150000,30
2,완전한 노예,Missing77,2012,일본,성인물(에로),주연,100000.0,10.0,110000,11
3,재회,REUNION,2011,일본,멜로/로맨스,주연,30000.0,10.0,30000,10
4,내 남친은 사이보그,,2011,일본,성인물(에로),주연,57000.0,10.0,57000,10
5,내가 원하는 남자,DECOTORA GAL 3 : SENA,2010,일본,성인물(에로),주연,,,8000,4
