,영화명,영화명(영문),제작연도,제작국가,장르,역할,공식통계 매출액,공식통계 관객수,KOBIS통계 매출액,KOBIS통계 관객수
0,더 스퀘어,The Square,2017,"스웨덴,독일,프랑스,덴마크",코미디,주연,,,107073900.0,13038.0
1,트루스,Truth,2015,미국,드라마,주연,151967000.0,19315.0,152153000.0,19340.0
2,더 원 아이 러브,The One I Love,2014,미국,"판타지,멜로/로맨스",주연,32866500.0,4033.0,32866500.0,4033.0
3,컴 백 록스타,Get Him To The Greek,2010,미국,코미디,주연-알프네 빙크스 역역,,,,
4,엘카미노,El camino,2008,미국,드라마,주연-릴리 역,,,,
5,하트 오브 아메리카,Heart Of America,2002,"캐나다,독일",드라마,주연,,,,
6,하트 오브 아메리카,Heart Of America,2002,"캐나다,독일",드라마,주연,,,,
