,영화명,영화명(영문),제작연도,제작국가,장르,역할,공식통계 매출액,공식통계 관객수,KOBIS통계 매출액,KOBIS통계 관객수
0,청년 마르크스,Le jeune Karl Marx,2017,"프랑스,독일,벨기에",드라마,주연,49385700.0,5988.0,49734700.0,6044.0
1,디 어드벤처스 오브 헉 핀,The Adventures Of Huck Finn,2012,독일,"어드벤처,가족,서부극(웨스턴)",주연-핀 역역,,,,
2,쿠카 씨의 조언,Mr. Kuka's Advice,2008,"오스트리아 ,폴란드",드라마,주연,,,,
3,카운터페이터,The Counterfeiters,2007,"오스트리아 ,독일","범죄,드라마,전쟁",주연-아돌프 부르거 역,106842500.0,16095.0,108506500.0,16332.0
4,단지 유령일 뿐,Nothing But Ghosts,2006,독일,"드라마,멜로/로맨스",주연-펠릭스역,8052307.0,1107.0,9213000.0,1313.0
5,타투,Tattoo,2002,독일,스릴러,주연,0.0,9921.0,,
