,영화명,영화명(영문),제작연도,제작국가,장르,역할,공식통계 매출액,공식통계 관객수,KOBIS통계 매출액,KOBIS통계 관객수
0,우리들의 격정,,2012,일본,성인물(에로),주연,300000.0,140.0,300000.0,140.0
1,금병매2,The Forbidden Legend: Sex & Chopsticks 2,2009,홍콩,"코미디,드라마,성인물(에로)",주연,141000.0,45.0,141000.0,45.0
2,금병매,The Forbidden Legend Sex & Chopsticks,2008,홍콩,"멜로/로맨스,사극",주연,53000.0,15.0,457000.0,156.0
3,나는 AV배우다 2,HOW TO MAKE A PRONOGRAPHIC VIDEO,2008,일본,"성인물(에로),코미디",주연,,,,
4,네 이웃의 여자를 사랑하라,Love Your Neighbor,2007,일본,드라마,주연,,,,
5,소바걸,SOBA GIRL,2007,일본,성인물(에로),주연,,,,
