,영화명,영화명(영문),제작연도,제작국가,장르,역할,공식통계 매출액,공식통계 관객수,KOBIS통계 매출액,KOBIS통계 관객수
0,리큐에게 물어라,Ask This of Rikyu,2013,일본,드라마,주연,5000.0,1.0,5000.0,1.0
1,무시당한 사람들,Disregarded People,2012,일본,드라마,주연-쿄코역,250000.0,50.0,250000.0,50.0
2,헬터 스켈터,Helter Skelter,2012,일본,"드라마,스릴러",주연,14380000.0,1925.0,14380000.0,1925.0
3,바이브레이터,Vibrator,2003,일본,드라마,주연,0.0,2180.0,12594500.0,1916.0
4,이치 더 킬러,Ichi The Killer,2001,일본,"액션,코미디,범죄",주연,,,,
