,영화명,영화명(영문),제작연도,제작국가,장르,역할,공식통계 매출액,공식통계 관객수,KOBIS통계 매출액,KOBIS통계 관객수
0,맨 프럼 어스2: 홀로신,The Man from Earth: Holocene,2017,미국,"드라마,판타지,SF",주연,60000.0,39.0,60000.0,39.0
1,에일리언 vs 헌터,AVH : Alien vs. Hunter,2007,미국,"액션,SF",주연-리 커슬러역,,,,
2,리버스 엔드,River's End,2005,미국,"액션,어드벤처",감독,,,,
3,캐리,Carrie,1976,미국,"공포(호러),미스터리,스릴러",주연,0.0,285008.0,4885000.0,2016.0
