,영화명,영화명(영문),제작연도,제작국가,장르,역할,공식통계 매출액,공식통계 관객수,KOBIS통계 매출액,KOBIS통계 관객수
0,강시: 리거모티스,Rigor Mortis,2013,홍콩,공포(호러),주연,1635000.0,350.0,1635000.0,350.0
1,수호지-명포영웅 호연작,The Iron Blood and Red Heart,2012,중국,액션,주연,40000.0,10.0,40000.0,10.0
2,라스트 예스마담,Yes Madame 5,1996,홍콩,"액션,범죄",주연,0.0,23.0,,
3,이연걸의 정무문,First Of Legend,1994,홍콩,"드라마,액션",조연,0.0,181760.0,,
4,도왕지존,All Might Gamebler,1991,홍콩,드라마,주연,0.0,406.0,,
5,강시선생 -일미도인,Vampire Vs Vampire,1989,홍콩,"공포(호러),코미디",주연,0.0,16005.0,56000.0,8.0
6,강시번생,New Mr. Vampire,1986,홍콩,"공포(호러),코미디",주연,0.0,30569.0,,
7,차수,Masked Avengers,1981,홍콩,,주연,,,122000.0,22.0
