,영화명,영화명(영문),제작연도,제작국가,장르,역할,공식통계 매출액,공식통계 관객수,KOBIS통계 매출액,KOBIS통계 관객수
0,동주,DONGJU; The Portrait of A Poet,2015,한국,드라마,조연-동주 모역,8870143589,1169335,8909265963,1175737
1,검사외전,A Violent Prosecutor,2015,한국,"범죄,코미디",조연-진석모역,77319445264,9707158,77320403264,9707581
2,이쁜 것들이 되어라,The Legacy,2013,한국,"코미디,드라마,가족,멜로/로맨스",조연-엄마역,4147400,528,4219400,542
3,친구사이?,Just Friends?,2009,한국,"드라마,멜로/로맨스",조연-민수 엄마 역,32866321,5014,34598536,5249
4,순정만화,Crush On You,2008,한국,"멜로/로맨스,코미디",단역-604호 아줌마역,4674779333,730343,4682641000,731706
