,영화명,영화명(영문),제작연도,제작국가,장르,역할,공식통계 매출액,공식통계 관객수,KOBIS통계 매출액,KOBIS통계 관객수
0,도리화가,THE SOUND OF A FLOWER,2015,한국,"사극,드라마",단역-명성황후역,2246950339.0,317505.0,2246950339.0,317505.0
1,마이 페어 웨딩,My Fair Wedding,2015,한국,다큐멘터리,단역-인터뷰역,35055000.0,4580.0,35097000.0,4586.0
2,나쁜 남자,Bad Guy,2002,한국,드라마,단역-윤락가 여성들 역,,298926.0,,
3,감나무,The Persimmon Tree,2000,한국,드라마,주연,,,,
