,영화명,영화명(영문),제작연도,제작국가,장르,역할,공식통계 매출액,공식통계 관객수,KOBIS통계 매출액,KOBIS통계 관객수
0,어느날,Oneday,2017,한국,멜로/로맨스,단역-수간호사역,1845841582,234681,1846581582,234829
1,최악의 하루,Worst Woman,2016,한국,멜로/로맨스,조연-유진역,639959190,80754,643607190,81215
2,커터,Eclipse,2016,한국,"범죄,드라마",조연-윤재모역,151165500,19405,151165500,19405
3,눈길,Snowy Road,2015,한국,드라마,조연-윤옥역,974237100,130172,975962100,130493
4,좋아해줘,Like for Likes,2015,한국,"멜로/로맨스,코미디",조연-스튜어디스 사무장역,6572774337,848148,6572774337,848148
5,산다,Alive,2014,한국,드라마,조연-수연역,32633200,4398,32633200,4398
