,영화명,영화명(영문),제작연도,제작국가,장르,역할,공식통계 매출액,공식통계 관객수,KOBIS통계 매출액,KOBIS통계 관객수
0,재키 앤 라이언,Jackie & Ryan,2015,미국,드라마,주연,23288000,3011,23288000,3011
1,바이 더 건,BY THE GUN,2014,미국,액션,주연,200000,20,200000,20
2,7번째 아들,Seventh Son,2014,"미국,영국,캐나다","어드벤처,가족,판타지",주연,729980451,92598,729980451,92598
3,빅 웨딩,The Big Wedding,2013,미국,"멜로/로맨스,코미디",주연-알레한드로역,231885500,33993,233303500,34466
4,나니아 연대기: 새벽 출정호의 항해,The Chronicles of Narnia: The Voyage of The Dawn Treader,2010,미국,"판타지,가족,어드벤처",주연,11276008290,1182228,11168877200,1172586
5,도리안 그레이,Dorian Gray,2009,영국,"드라마,판타지,스릴러",주연,14780500,2153,16367500,2348
6,이지 버츄,Easy Virtue,2008,영국,"멜로/로맨스,코미디",주연,715737,98,704500,96
