,영화명,영화명(영문),제작연도,제작국가,장르,역할,공식통계 매출액,공식통계 관객수,KOBIS통계 매출액,KOBIS통계 관객수
0,엔들리스 러브,Endless Love,2013,미국,"드라마,멜로/로맨스",주연-데이빗역,165237000.0,22091.0,165237000.0,22091.0
1,버틀러: 대통령의 집사,Lee Daniels’ The Butler,2013,미국,"드라마,기타",주연,884709000.0,126870.0,884709000.0,126870.0
2,매직 마이크,Magic Mike,2012,미국,코미디,주연,204442500.0,27339.0,204625500.0,27362.0
3,비스틀리,Beastly,2011,미국,"드라마,판타지,멜로/로맨스",주연-카일역,1008669500.0,134025.0,1008669500.0,134025.0
4,아이 엠 넘버 포,I Am Number Four,2010,미국,"액션,SF",주연-존역,4955215500.0,654386.0,4955215500.0,654386.0
5,나는 네가 캠퍼스에서 한 일을 알고 있다,Tormented,2009,영국,"코미디,공포(호러)",주연,,,,
6,스톰브레이커,Stormbreaker,2006,"영국,미국,독일","액션,어드벤처,가족",주연-알렉스 라이더 역,621282.0,79.0,612000.0,78.0
