,영화명,영화명(영문),제작연도,제작국가,장르,역할,공식통계 매출액,공식통계 관객수,KOBIS통계 매출액,KOBIS통계 관객수
0,몬스터 호텔 3,Hotel Transylvania 3: A Monster Vacation,2018,미국,"애니메이션,코미디,가족,판타지",주연(목소리),,,5373602100.0,730872.0
1,아기배달부 스토크,STORKS,2016,미국,애니메이션,주연,2444112200.0,323730.0,2444112200.0,323730.0
2,"러브, 비하인드",Celeste and Jesse Forever,2012,미국,"코미디,드라마",주연,,,,
3,몬스터 호텔,HOTEL TRANSYLVANIA,2011,미국,"애니메이션,가족",주연(목소리),6080221500.0,884885.0,6080784500.0,884988.0
4,하늘에서 음식이 내린다면,Cloudy With A Chance Of Meatballs,2009,미국,"애니메이션,가족",주연-바비 브렌트 목소리역(목소리),5500218152.0,665096.0,5417904500.0,655078.0
5,스페이스 침스:우주선을 찾아서,Space Chimps,2008,미국,"애니메이션,코미디,어드벤처,SF",주연-햄역(목소리),1568757000.0,269947.0,1569047000.0,270016.0
6,핫 라드,Hot Rod,2007,미국,코미디,주연,,,,
