,영화명,영화명(영문),제작연도,제작국가,장르,역할,공식통계 매출액,공식통계 관객수,KOBIS통계 매출액,KOBIS통계 관객수
0,비밥바룰라,Be-Bop-A-Lula,2018,한국,코미디,조연,318997200.0,46819.0,322062200,47432
1,덕구,Stand by Me,2017,한국,드라마,조연,2375330700.0,313344.0,2378021700,313883
2,여배우는 오늘도,The Running Actress,2017,한국,"드라마,코미디",주연,138754300.0,16864.0,139182300,16929
3,엄마,Mom,2011,한국,드라마,주연,,,7000,14
