,영화명,영화명(영문),제작연도,제작국가,장르,역할,공식통계 매출액,공식통계 관객수,KOBIS통계 매출액,KOBIS통계 관객수
0,어벤져스: 인피니티 워,Avengers: Infinity War,2018,미국,"액션,어드벤처,판타지,SF",주연,99825741869.0,11202737.0,99918419769.0,11211798.0
1,로건 럭키,Logan Lucky,2017,미국,"코미디,범죄,드라마,액션",주연,180242600.0,23339.0,180226600.0,23336.0
2,"아이, 토냐","I, Tonya",2017,미국,드라마,주연,114741400.0,14002.0,114741400.0,14002.0
3,캡틴 아메리카: 시빌 워,Captain America: Civil War,2015,미국,"액션,SF,스릴러",주연,72672111827.0,8677249.0,72675171827.0,8677555.0
4,어바웃 리키,Ricki and the Flash,2015,미국,드라마,주연,122501900.0,16404.0,123557900.0,16536.0
5,로스트,gone,2012,미국,"미스터리,스릴러",주연,,,,
6,유령,The Apparition,2012,미국,"스릴러,공포(호러)",주연-벤 역역,,,,
7,찰리 뱅스의 교육,The Education of Charlie Banks,2007,미국,드라마,주연,,,,
