,영화명,영화명(영문),제작연도,제작국가,장르,역할,공식통계 매출액,공식통계 관객수,KOBIS통계 매출액,KOBIS통계 관객수
0,스푹스:MI5,Spooks: The Greater Good,2015,영국,"액션,드라마,스릴러",주연,316642549.0,41416.0,316642549.0,41416.0
1,매직 마스터,The Magicians,2000,미국,"액션,판타지,멜로/로맨스",주연,,,,
2,완벽한 정부,The Perfect Husband,1992,영국,사극,주연,0.0,2894.0,,
3,뱀파이어,Lifeforce,1986,영국,"공포(호러),SF,스릴러",주연-콜린 케인 대령 역,0.0,179653.0,,
4,테스,Tess,1979,"프랑스,영국",드라마,주연,0.0,268206.0,28086500.0,6336.0
