,영화명,영화명(영문),제작연도,제작국가,장르,역할,공식통계 매출액,공식통계 관객수,KOBIS통계 매출액,KOBIS통계 관객수
0,국제시장,Ode to My Father,2014,한국,드라마,조연-윤선주 남편역,110913469630,14257115,110937282730,14262766
1,명량,Roaring Currents,2013,한국,"사극,액션",단역-조선인화폭선포로역,135748398910,17613682,135754920310,17615314
2,끝까지 간다,A Hard Day,2013,한국,"액션,스릴러,범죄",단역-상조회사 직원역,27007303900,3450305,27007303900,3450305
3,바람,Wish,2009,한국,"드라마,액션",조연-이정욱 역,726321610,101197,746323500,103628
