,영화명,영화명(영문),제작연도,제작국가,장르,역할,공식통계 매출액,공식통계 관객수,KOBIS통계 매출액,KOBIS통계 관객수
0,사자성어,Four-Letter Words,2001,한국,드라마,주연,,302,,
1,너에게 나를 보낸다,To You From Me,1994,한국,드라마,단역,0.0,381578,,
2,혼자도는 바람개비,The Pinwheel That Spins Alone,1990,한국,드라마,주연-공원역,0.0,61892,,
3,모정,Mother's Love,1983,한국,"가족,드라마,멜로/로맨스",주연,0.0,8327,,
