,영화명,영화명(영문),제작연도,제작국가,장르,역할,공식통계 매출액,공식통계 관객수,KOBIS통계 매출액,KOBIS통계 관객수
0,미스터 주(가제),Mr.Zoo,2018,한국,"코미디,드라마",주연,,,,
1,악녀,The Villainess,2017,한국,액션,주연-권숙역,9739662144.0,1208081.0,9739662144.0,1208081.0
2,봄,Late Spring,2014,한국,"드라마,멜로/로맨스",주연,111094100.0,14780.0,111094100.0,14780.0
3,"소설, 영화와 만나다",Shorts Meet Shorts,2013,한국,드라마,주연,8965000.0,1327.0,8965000.0,1327.0
4,번개와 춤을,Waltzing on Thunder,2013,한국,드라마,주연,,,,
5,베를린,The Berlin File,2012,한국,액션,조연,52354931637.0,7166199.0,52357124637.0,7166532.0
6,네번째 층 - 어느날 갑자기 두번째 이야기,Hidden Floor,2006,한국,공포(호러),주연,0.0,31654.0,196646000.0,31738.0
7,맛있는 섹스 그리고 사랑,The Sweet Sex And Love,2003,한국,드라마,주연,0.0,223000.0,,
