,영화명,영화명(영문),제작연도,제작국가,장르,역할,공식통계 매출액,공식통계 관객수,KOBIS통계 매출액,KOBIS통계 관객수
0,두 남자,Derailed,2016,한국,"범죄,액션",단역-달주차장 경찰 2역,459566121,60365,459566121,60365
1,방황하는 칼날,Broken,2013,한국,"범죄,스릴러",단역-화장실 진술학생1역,7828526800,989881,7828891800,989906
2,들개,Tinker Ticker,2013,한국,"범죄,드라마",단역-대학교 강의실 학생역,13677700,1778,26340200,3333
3,시,Poetry,2010,한국,드라마,단역-강노인 손자들역,1567857053,222017,1546439650,218898
