,영화명,영화명(영문),제작연도,제작국가,장르,역할,공식통계 매출액,공식통계 관객수,KOBIS통계 매출액,KOBIS통계 관객수
0,타투,Tattoo,2014,한국,스릴러,주연,99263100.0,12103.0,99263100.0,12103.0
1,비치하트애솔,Bitch Heart Asshole,2014,한국,"멜로/로맨스,드라마",주연,1827700.0,279.0,1827700.0,279.0
2,렛 미 아웃,Let Me Out,2013,한국,"드라마,코미디",주연-무영역,7600000.0,1024.0,7729000.0,1040.0
3,타워,The Tower,2012,한국,드라마,조연,37654858000.0,5181014.0,37654858000.0,5181014.0
4,돈 크라이 마미,"Don't Cry, Mommy",2012,한국,"스릴러,드라마",조연-박준역,6808882099.0,975462.0,6808882099.0,975462.0
5,도시의 풍년,City in Blossom,2011,한국,드라마,주연-현상역,,,,
6,달빛 길어올리기,Hanji,2010,한국,드라마,조연,362535000.0,57186.0,362910000.0,57261.0
7,고死 두 번째 이야기: 교생실습,Death Bell 2 : Bloody Camp,2010,한국,"공포(호러),스릴러",조연,5901045987.0,872594.0,5802318000.0,857038.0
8,고死 : 피의 중간고사,Death Bell,2008,한국,"공포(호러),스릴러",조연,10299976000.0,1634051.0,10300791000.0,1634192.0
